order_year,order_month,product_category_name_english,payment_value
2016,10,air_conditioning,3872.83
2016,10,audio,183.03000000000003
2016,10,auto,1351.27
2016,10,baby,1850.71
2016,10,bed_bath_table,2291.71
2016,10,computers_accessories,861.8399999999999
2016,10,consoles_games,3785.36
2016,10,cool_stuff,1245.1799999999998
2016,10,diapers_and_hygiene,150.99
2016,10,electronics,119.79
2016,10,fashio_female_clothing,69.63
2016,10,fashion_bags_accessories,738.75
2016,10,fashion_male_clothing,35.86
2016,10,fashion_shoes,40.95
2016,10,fixed_telephony,774.45
2016,10,food,96.23
2016,10,furniture_decor,11104.07
2016,10,garden_tools,1465.1899999999998
2016,10,health_beauty,4834.91
2016,10,housewares,2736.52
2016,10,industry_commerce_and_business,640.78
2016,10,market_place,4518.64
2016,10,office_furniture,1323.47
2016,10,perfumery,6617.51
2016,10,pet_shop,775.86
2016,10,sports_leisure,2526.37
2016,10,telephony,443.09000000000003
2016,10,toys,4344.49
2016,10,watches_gifts,2793.71
2016,12,fashion_bags_accessories,19.62
2017,1,agro_industry_and_commerce,169.18
2017,1,air_conditioning,1103.79
2017,1,auto,8615.92
2017,1,baby,6304.55
2017,1,bed_bath_table,6002.74
2017,1,books_general_interest,271.54999999999995
2017,1,computers,2217.99
2017,1,computers_accessories,6441.32
2017,1,consoles_games,5050.87
2017,1,cool_stuff,10140.01
2017,1,dvds_blu_ray,95.6
2017,1,electronics,772.4300000000001
2017,1,fashio_female_clothing,102.81
2017,1,fashion_bags_accessories,2491.9700000000003
2017,1,fashion_male_clothing,159.11
2017,1,fashion_shoes,49.01
2017,1,fashion_underwear_beach,171.15
2017,1,fixed_telephony,1140.01
2017,1,food,78.82
2017,1,furniture_bedroom,148.76
2017,1,furniture_decor,27479.91
2017,1,furniture_living_room,2028.6599999999999
2017,1,garden_tools,20545.84
2017,1,health_beauty,13870.25
2017,1,home_appliances_2,1853.78
2017,1,home_comfort_2,95.57
2017,1,housewares,4517.62
2017,1,kitchen_dining_laundry_garden_furniture,128.2
2017,1,luggage_accessories,704.28
2017,1,market_place,504.36
2017,1,music,37.24
2017,1,musical_instruments,357.74
2017,1,office_furniture,2128.08
2017,1,perfumery,6163.95
2017,1,pet_shop,1350.88
2017,1,security_and_services,209.06
2017,1,small_appliances,1788.25
2017,1,sports_leisure,17564.69
2017,1,stationery,4709.73
2017,1,telephony,1704.02
2017,1,toys,5302.2300000000005
2017,1,watches_gifts,8310.83
2017,2,agro_industry_and_commerce,331.1
2017,2,air_conditioning,2476.83
2017,2,audio,247.85
2017,2,auto,17427.23
2017,2,baby,3860.98
2017,2,bed_bath_table,26340.75
2017,2,books_general_interest,950.02
2017,2,books_technical,182.4
2017,2,cine_photo,95.24
2017,2,computers,3602.47
2017,2,computers_accessories,14529.09
2017,2,consoles_games,4637.96
2017,2,construction_tools_construction,399.02
2017,2,cool_stuff,13798.72
2017,2,costruction_tools_garden,1249.36
2017,2,dvds_blu_ray,36.94
2017,2,electronics,2337.81
2017,2,fashio_female_clothing,414.6
2017,2,fashion_bags_accessories,3454.47
2017,2,fashion_male_clothing,644.99
2017,2,fashion_shoes,268.77
2017,2,fashion_underwear_beach,762.21
2017,2,fixed_telephony,2421.49
2017,2,food,875.25
2017,2,furniture_bedroom,501.88
2017,2,furniture_decor,34307.02
2017,2,furniture_living_room,10113.41
2017,2,garden_tools,16718.5
2017,2,health_beauty,27532.39
2017,2,home_appliances,855.4
2017,2,home_appliances_2,30.11
2017,2,home_confort,471.27
2017,2,home_construction,1174.67
2017,2,housewares,13846.77
2017,2,industry_commerce_and_business,134.94
2017,2,kitchen_dining_laundry_garden_furniture,178.33
2017,2,luggage_accessories,2427.13
2017,2,market_place,2635.49
2017,2,musical_instruments,2977.7499999999995
2017,2,office_furniture,17043.72
2017,2,perfumery,9129.52
2017,2,pet_shop,5075.67
2017,2,small_appliances,8453.28
2017,2,sports_leisure,21592.47
2017,2,stationery,2646.03
2017,2,tablets_printing_image,940.52
2017,2,telephony,11052.09
2017,2,toys,11384.31
2017,2,watches_gifts,11632.119999999999
2017,3,agro_industry_and_commerce,110.69
2017,3,air_conditioning,4541.62
2017,3,art,255.00000000000003
2017,3,audio,1614.4099999999999
2017,3,auto,18945.22
2017,3,baby,4401.35
2017,3,bed_bath_table,40842.88
2017,3,books_general_interest,5221.18
2017,3,books_technical,103.74000000000001
2017,3,computers_accessories,39287.45
2017,3,consoles_games,10170.86
2017,3,construction_tools_construction,53.42
2017,3,cool_stuff,23805.79
2017,3,drinks,656.1500000000001
2017,3,dvds_blu_ray,590.5600000000001
2017,3,electronics,5911.74
2017,3,fashio_female_clothing,30.86
2017,3,fashion_bags_accessories,6821.8
2017,3,fashion_male_clothing,942.28
2017,3,fashion_shoes,1875.37
2017,3,fashion_sport,54.01
2017,3,fashion_underwear_beach,460.62
2017,3,fixed_telephony,4082.89
2017,3,food,3364.11
2017,3,food_drink,132.93
2017,3,furniture_decor,39888.82
2017,3,furniture_living_room,8160.49
2017,3,garden_tools,34547.79
2017,3,health_beauty,31469.84
2017,3,home_appliances,600.27
2017,3,home_appliances_2,568.43
2017,3,home_comfort_2,390.89
2017,3,home_confort,3273.69
2017,3,home_construction,1489.99
2017,3,housewares,24879.27
2017,3,industry_commerce_and_business,282.03
2017,3,kitchen_dining_laundry_garden_furniture,169.05
2017,3,luggage_accessories,7937.66
2017,3,market_place,2079.92
2017,3,music,42.51
2017,3,musical_instruments,2241.23
2017,3,office_furniture,18084.05
2017,3,perfumery,22115.43
2017,3,pet_shop,11027.26
2017,3,signaling_and_security,91.23
2017,3,small_appliances,11113.67
2017,3,sports_leisure,35291.92
2017,3,stationery,6837.9
2017,3,tablets_printing_image,587.91
2017,3,telephony,11701.1
2017,3,toys,14781.82
2017,3,watches_gifts,27403.95
2017,4,air_conditioning,3222.06
2017,4,art,147.17
2017,4,audio,1508.51
2017,4,auto,23918.15
2017,4,baby,5487.8
2017,4,bed_bath_table,37072.9
2017,4,books_general_interest,1144.97
2017,4,books_imported,65.14
2017,4,books_technical,86.92
2017,4,christmas_supplies,93.97
2017,4,cine_photo,166.31
2017,4,computers_accessories,24325.54
2017,4,consoles_games,4263.66
2017,4,cool_stuff,24055.7
2017,4,costruction_tools_garden,1850.19
2017,4,costruction_tools_tools,748.27
2017,4,dvds_blu_ray,1550.8899999999999
2017,4,electronics,7198.38
2017,4,fashio_female_clothing,171.69
2017,4,fashion_bags_accessories,4346.19
2017,4,fashion_male_clothing,437.39
2017,4,fashion_shoes,2362.84
2017,4,fashion_sport,332.21
2017,4,fashion_underwear_beach,132.97
2017,4,fixed_telephony,601.87
2017,4,food,628.56
2017,4,food_drink,136.7
2017,4,furniture_bedroom,831.36
2017,4,furniture_decor,29884.8
2017,4,furniture_living_room,2782.07
2017,4,furniture_mattress_and_upholstery,130.8
2017,4,garden_tools,23386.15
2017,4,health_beauty,27533.94
2017,4,home_appliances,730.41
2017,4,home_appliances_2,946.97
2017,4,home_comfort_2,23.86
2017,4,home_confort,2911.2599999999998
2017,4,home_construction,1696.94
2017,4,housewares,22936.85
2017,4,kitchen_dining_laundry_garden_furniture,1478.98
2017,4,la_cuisine,63.25
2017,4,luggage_accessories,9014.86
2017,4,market_place,4479.02
2017,4,music,88.84
2017,4,musical_instruments,4114.27
2017,4,office_furniture,15113.84
2017,4,perfumery,22734.91
2017,4,pet_shop,8530.23
2017,4,signaling_and_security,183.64999999999998
2017,4,small_appliances,24045.81
2017,4,sports_leisure,30780.25
2017,4,stationery,5119.99
2017,4,tablets_printing_image,1770.73
2017,4,telephony,10251.4
2017,4,toys,17023.2
2017,4,watches_gifts,26586.9
2017,5,agro_industry_and_commerce,1763.74
2017,5,air_conditioning,1282.55
2017,5,art,7302.75
2017,5,arts_and_craftmanship,73.07
2017,5,audio,2333.19
2017,5,auto,25577.35
2017,5,baby,12129.38
2017,5,bed_bath_table,46439.05
2017,5,books_general_interest,2507.55
2017,5,books_technical,316.46000000000004
2017,5,cine_photo,91.71
2017,5,computers_accessories,82537.72
2017,5,consoles_games,3288.4
2017,5,construction_tools_construction,149.4
2017,5,cool_stuff,41111.659999999996
2017,5,costruction_tools_garden,1959.63
2017,5,costruction_tools_tools,834.3
2017,5,drinks,112.95
2017,5,dvds_blu_ray,150.60000000000002
2017,5,electronics,8017.77
2017,5,fashio_female_clothing,415.6
2017,5,fashion_bags_accessories,10729.09
2017,5,fashion_childrens_clothes,124.52
2017,5,fashion_male_clothing,1097.54
2017,5,fashion_shoes,2014.8899999999999
2017,5,fashion_sport,218.57
2017,5,fashion_underwear_beach,396.62
2017,5,fixed_telephony,655.14
2017,5,food,452.25
2017,5,food_drink,717.29
2017,5,furniture_bedroom,6065.93
2017,5,furniture_decor,38829.03
2017,5,furniture_living_room,6809.76
2017,5,furniture_mattress_and_upholstery,731.88
2017,5,garden_tools,27287.579999999998
2017,5,health_beauty,59438.89
2017,5,home_appliances,2557.47
2017,5,home_appliances_2,1587.47
2017,5,home_confort,6596.01
2017,5,home_construction,3358.43
2017,5,housewares,39433.98
2017,5,industry_commerce_and_business,552.22
2017,5,kitchen_dining_laundry_garden_furniture,1637.21
2017,5,la_cuisine,232.19
2017,5,luggage_accessories,16727.2
2017,5,market_place,3267.52
2017,5,musical_instruments,10383.32
2017,5,office_furniture,19260.31
2017,5,perfumery,25108.25
2017,5,pet_shop,10507.39
2017,5,signaling_and_security,1409.82
2017,5,small_appliances,6217.03
2017,5,sports_leisure,51640.75
2017,5,stationery,7133.53
2017,5,tablets_printing_image,857.29
2017,5,telephony,13935.86
2017,5,toys,27037.28
2017,5,watches_gifts,43680.4
2017,6,agro_industry_and_commerce,1422.05
2017,6,air_conditioning,3631.02
2017,6,art,285.35
2017,6,audio,1818.24
2017,6,auto,34182.54
2017,6,baby,11857.73
2017,6,bed_bath_table,50520.19
2017,6,books_general_interest,2603.2
2017,6,books_imported,258.4
2017,6,books_technical,188.52999999999997
2017,6,christmas_supplies,341.89
2017,6,cine_photo,112.91
2017,6,computers_accessories,57864.84
2017,6,consoles_games,5682.42
2017,6,construction_tools_construction,1251.8000000000002
2017,6,cool_stuff,43381.58
2017,6,costruction_tools_garden,736.1
2017,6,drinks,69.2
2017,6,dvds_blu_ray,199.74
2017,6,electronics,2775.45
2017,6,fashio_female_clothing,199.3
2017,6,fashion_bags_accessories,8737.83
2017,6,fashion_childrens_clothes,118.96
2017,6,fashion_male_clothing,885.89
2017,6,fashion_shoes,2210.95
2017,6,fashion_sport,567.4
2017,6,fashion_underwear_beach,19.0
2017,6,fixed_telephony,1148.48
2017,6,food,171.79
2017,6,food_drink,82.78
2017,6,furniture_bedroom,351.68
2017,6,furniture_decor,39272.48
2017,6,furniture_living_room,3057.27
2017,6,garden_tools,21457.239999999998
2017,6,health_beauty,42579.32
2017,6,home_appliances,3354.09
2017,6,home_appliances_2,1435.0700000000002
2017,6,home_comfort_2,28.0
2017,6,home_confort,3188.5
2017,6,home_construction,7404.780000000001
2017,6,housewares,38233.35
2017,6,industry_commerce_and_business,342.16999999999996
2017,6,kitchen_dining_laundry_garden_furniture,542.59
2017,6,luggage_accessories,10400.32
2017,6,market_place,1645.84
2017,6,music,1141.1200000000001
2017,6,musical_instruments,6647.38
2017,6,office_furniture,11776.800000000001
2017,6,perfumery,29260.19
2017,6,pet_shop,6458.72
2017,6,signaling_and_security,186.95
2017,6,small_appliances,10342.28
2017,6,small_appliances_home_oven_and_coffee,88.65
2017,6,sports_leisure,42677.73
2017,6,stationery,4339.88
2017,6,tablets_printing_image,679.17
2017,6,telephony,9595.4
2017,6,toys,19110.19
2017,6,watches_gifts,30176.17
2017,7,agro_industry_and_commerce,1199.47
2017,7,air_conditioning,1493.1299999999999
2017,7,art,424.90000000000003
2017,7,arts_and_craftmanship,145.56
2017,7,audio,500.37
2017,7,auto,19392.53
2017,7,baby,19401.97
2017,7,bed_bath_table,100271.4
2017,7,books_general_interest,1641.27
2017,7,books_technical,580.88
2017,7,cds_dvds_musicals,421.6
2017,7,christmas_supplies,98.05
2017,7,computers_accessories,70841.95
2017,7,consoles_games,6609.56
2017,7,construction_tools_construction,1126.61
2017,7,construction_tools_lights,401.45
2017,7,cool_stuff,43867.88
2017,7,costruction_tools_garden,719.2
2017,7,drinks,480.55999999999995
2017,7,dvds_blu_ray,796.46
2017,7,electronics,11415.52
2017,7,fashio_female_clothing,443.1
2017,7,fashion_bags_accessories,6872.16
2017,7,fashion_male_clothing,1155.69
2017,7,fashion_shoes,1708.71
2017,7,fashion_sport,77.68
2017,7,fashion_underwear_beach,314.48
2017,7,fixed_telephony,421.33000000000004
2017,7,food,850.1700000000001
2017,7,food_drink,463.81
2017,7,furniture_bedroom,1368.65
2017,7,furniture_decor,46132.15
2017,7,furniture_living_room,6028.27
2017,7,furniture_mattress_and_upholstery,178.53
2017,7,garden_tools,29213.05
2017,7,health_beauty,49084.01
2017,7,home_appliances,4336.18
2017,7,home_appliances_2,1306.8799999999999
2017,7,home_comfort_2,28.0
2017,7,home_confort,8932.25
2017,7,home_construction,247.6
2017,7,housewares,36073.89
2017,7,industry_commerce_and_business,352.25
2017,7,kitchen_dining_laundry_garden_furniture,2202.9399999999996
2017,7,la_cuisine,559.23
2017,7,luggage_accessories,10724.37
2017,7,market_place,1860.25
2017,7,music,350.54
2017,7,musical_instruments,8602.82
2017,7,office_furniture,29875.57
2017,7,party_supplies,83.41
2017,7,perfumery,16335.93
2017,7,pet_shop,11602.47
2017,7,signaling_and_security,992.68
2017,7,small_appliances,5152.0599999999995
2017,7,sports_leisure,55574.68
2017,7,stationery,9195.26
2017,7,tablets_printing_image,219.63
2017,7,telephony,11953.23
2017,7,toys,28350.489999999998
2017,7,watches_gifts,38519.65
2017,8,agro_industry_and_commerce,898.4
2017,8,air_conditioning,7542.27
2017,8,art,317.06
2017,8,audio,1210.44
2017,8,auto,32984.64
2017,8,baby,24757.51
2017,8,bed_bath_table,85091.29
2017,8,books_general_interest,2549.89
2017,8,books_imported,70.34
2017,8,books_technical,1324.98
2017,8,cds_dvds_musicals,299.38
2017,8,christmas_supplies,76.88
2017,8,computers,33497.409999999996
2017,8,computers_accessories,61704.31
2017,8,consoles_games,10336.369999999999
2017,8,construction_tools_construction,1890.73
2017,8,construction_tools_lights,670.98
2017,8,construction_tools_safety,24.69
2017,8,cool_stuff,49163.68
2017,8,costruction_tools_garden,2971.1000000000004
2017,8,drinks,148.77
2017,8,dvds_blu_ray,231.82999999999998
2017,8,electronics,4987.13
2017,8,fashio_female_clothing,235.65
2017,8,fashion_bags_accessories,9721.65
2017,8,fashion_male_clothing,1867.27
2017,8,fashion_shoes,2643.39
2017,8,fashion_sport,389.44
2017,8,fashion_underwear_beach,1308.87
2017,8,fixed_telephony,5645.72
2017,8,food,676.93
2017,8,food_drink,1287.8200000000002
2017,8,furniture_bedroom,702.36
2017,8,furniture_decor,65881.1
2017,8,furniture_living_room,3327.86
2017,8,furniture_mattress_and_upholstery,633.66
2017,8,garden_tools,37391.15
2017,8,health_beauty,59074.909999999996
2017,8,home_appliances,4903.62
2017,8,home_appliances_2,4355.28
2017,8,home_comfort_2,221.97
2017,8,home_confort,4802.07
2017,8,home_construction,141.43
2017,8,housewares,36302.7
2017,8,industry_commerce_and_business,1043.95
2017,8,kitchen_dining_laundry_garden_furniture,1231.29
2017,8,la_cuisine,373.52
2017,8,luggage_accessories,9303.74
2017,8,market_place,2616.64
2017,8,musical_instruments,7822.98
2017,8,office_furniture,18389.31
2017,8,perfumery,17512.02
2017,8,pet_shop,14606.59
2017,8,signaling_and_security,443.47
2017,8,small_appliances,5212.6900000000005
2017,8,small_appliances_home_oven_and_coffee,33.75
2017,8,sports_leisure,59564.55
2017,8,stationery,8962.12
2017,8,tablets_printing_image,641.05
2017,8,telephony,13474.81
2017,8,toys,23545.5
2017,8,watches_gifts,42439.32
2017,9,agro_industry_and_commerce,2967.01
2017,9,air_conditioning,1782.0900000000001
2017,9,art,435.85
2017,9,audio,1191.79
2017,9,auto,28161.27
2017,9,baby,29038.43
2017,9,bed_bath_table,83124.42
2017,9,books_general_interest,1149.77
2017,9,books_imported,512.44
2017,9,books_technical,1136.91
2017,9,christmas_supplies,468.41999999999996
2017,9,cine_photo,102.84
2017,9,computers,54718.87
2017,9,computers_accessories,60002.7
2017,9,consoles_games,10386.38
2017,9,construction_tools_construction,2399.0
2017,9,construction_tools_lights,258.98
2017,9,construction_tools_safety,3044.26
2017,9,cool_stuff,44172.49
2017,9,costruction_tools_garden,422.83
2017,9,costruction_tools_tools,976.08
2017,9,drinks,361.95
2017,9,dvds_blu_ray,91.06
2017,9,electronics,5596.63
2017,9,fashio_female_clothing,582.47
2017,9,fashion_bags_accessories,20253.21
2017,9,fashion_childrens_clothes,107.06
2017,9,fashion_male_clothing,2886.75
2017,9,fashion_shoes,1422.03
2017,9,fashion_sport,1287.18
2017,9,fashion_underwear_beach,2406.38
2017,9,fixed_telephony,109638.75
2017,9,food,1901.44
2017,9,food_drink,1134.91
2017,9,furniture_bedroom,1551.6399999999999
2017,9,furniture_decor,52732.75
2017,9,furniture_living_room,1562.83
2017,9,furniture_mattress_and_upholstery,133.82
2017,9,garden_tools,39899.2
2017,9,health_beauty,66587.94
2017,9,home_appliances,2197.28
2017,9,home_appliances_2,1971.62
2017,9,home_comfort_2,29.69
2017,9,home_confort,8970.01
2017,9,home_construction,3127.7200000000003
2017,9,housewares,29541.45
2017,9,industry_commerce_and_business,251.71
2017,9,kitchen_dining_laundry_garden_furniture,527.88
2017,9,luggage_accessories,4937.75
2017,9,market_place,1349.62
2017,9,musical_instruments,14583.16
2017,9,office_furniture,34269.52
2017,9,party_supplies,606.4
2017,9,perfumery,20093.79
2017,9,pet_shop,14397.09
2017,9,security_and_services,115.45
2017,9,signaling_and_security,908.35
2017,9,small_appliances,11334.28
2017,9,small_appliances_home_oven_and_coffee,673.47
2017,9,sports_leisure,72464.49
2017,9,stationery,8492.57
2017,9,tablets_printing_image,279.88
2017,9,telephony,24505.56
2017,9,toys,39766.8
2017,9,watches_gifts,55547.14
2017,10,agro_industry_and_commerce,3558.43
2017,10,air_conditioning,4697.62
2017,10,art,400.45
2017,10,audio,2673.37
2017,10,auto,30742.36
2017,10,baby,20484.02
2017,10,bed_bath_table,97297.84
2017,10,books_general_interest,1552.38
2017,10,books_technical,988.25
2017,10,cds_dvds_musicals,61.11
2017,10,christmas_supplies,939.66
2017,10,cine_photo,107.0
2017,10,computers,43125.89
2017,10,computers_accessories,85217.03
2017,10,consoles_games,12589.83
2017,10,construction_tools_construction,4411.38
2017,10,construction_tools_lights,651.0999999999999
2017,10,construction_tools_safety,3939.5899999999997
2017,10,cool_stuff,55613.24
2017,10,costruction_tools_garden,1436.24
2017,10,costruction_tools_tools,1119.96
2017,10,drinks,1009.32
2017,10,dvds_blu_ray,269.1
2017,10,electronics,5928.19
2017,10,fashion_bags_accessories,11832.57
2017,10,fashion_childrens_clothes,54.09
2017,10,fashion_male_clothing,1443.45
2017,10,fashion_shoes,2587.86
2017,10,fashion_sport,68.62
2017,10,fashion_underwear_beach,222.95
2017,10,fixed_telephony,4218.85
2017,10,food,843.8599999999999
2017,10,food_drink,3336.15
2017,10,furniture_bedroom,1099.3600000000001
2017,10,furniture_decor,65898.2
2017,10,furniture_living_room,2948.58
2017,10,garden_tools,50906.63
2017,10,health_beauty,52081.12
2017,10,home_appliances,2091.71
2017,10,home_appliances_2,2444.6400000000003
2017,10,home_comfort_2,56.0
2017,10,home_confort,4774.6900000000005
2017,10,home_construction,5697.860000000001
2017,10,housewares,30862.79
2017,10,industry_commerce_and_business,2468.1800000000003
2017,10,kitchen_dining_laundry_garden_furniture,5584.58
2017,10,la_cuisine,160.83
2017,10,luggage_accessories,8373.87
2017,10,market_place,1512.03
2017,10,music,70.03
2017,10,musical_instruments,6765.82
2017,10,office_furniture,62007.619999999995
2017,10,party_supplies,163.87
2017,10,perfumery,21605.96
2017,10,pet_shop,12323.16
2017,10,signaling_and_security,971.33
2017,10,small_appliances,7001.42
2017,10,sports_leisure,64761.3
2017,10,stationery,11705.64
2017,10,tablets_printing_image,111.19
2017,10,telephony,29584.51
2017,10,toys,41691.27
2017,10,watches_gifts,76492.18000000001
2017,11,agro_industry_and_commerce,45878.42
2017,11,air_conditioning,6716.9400000000005
2017,11,art,92.78
2017,11,audio,4786.66
2017,11,auto,45027.33
2017,11,baby,28494.24
2017,11,bed_bath_table,149394.38
2017,11,books_general_interest,3147.01
2017,11,books_imported,470.13
2017,11,books_technical,1242.45
2017,11,cds_dvds_musicals,224.82
2017,11,christmas_supplies,2011.85
2017,11,cine_photo,259.94
2017,11,computers,10060.4
2017,11,computers_accessories,126554.01
2017,11,consoles_games,14553.5
2017,11,construction_tools_construction,12745.3
2017,11,construction_tools_lights,2673.75
2017,11,construction_tools_safety,5171.15
2017,11,cool_stuff,66426.86
2017,11,costruction_tools_garden,2012.64
2017,11,costruction_tools_tools,442.91999999999996
2017,11,drinks,1944.17
2017,11,dvds_blu_ray,145.67000000000002
2017,11,electronics,19161.51
2017,11,fashio_female_clothing,84.17
2017,11,fashion_bags_accessories,18176.51
2017,11,fashion_male_clothing,1456.1299999999999
2017,11,fashion_shoes,2111.57
2017,11,fashion_sport,67.68
2017,11,fashion_underwear_beach,1391.8600000000001
2017,11,fixed_telephony,421.99
2017,11,flowers,305.8
2017,11,food,1082.1100000000001
2017,11,food_drink,3563.55
2017,11,furniture_bedroom,1050.46
2017,11,furniture_decor,152220.42
2017,11,furniture_living_room,20136.94
2017,11,furniture_mattress_and_upholstery,412.81
2017,11,garden_tools,90290.64
2017,11,health_beauty,100880.7
2017,11,home_appliances,5069.98
2017,11,home_appliances_2,5571.8
2017,11,home_comfort_2,80.75
2017,11,home_confort,9077.26
2017,11,home_construction,6140.83
2017,11,housewares,62812.24
2017,11,industry_commerce_and_business,2245.28
2017,11,kitchen_dining_laundry_garden_furniture,8032.63
2017,11,luggage_accessories,12318.45
2017,11,market_place,2588.61
2017,11,musical_instruments,17278.29
2017,11,office_furniture,45469.68
2017,11,party_supplies,906.5699999999999
2017,11,perfumery,39367.55
2017,11,pet_shop,16521.7
2017,11,signaling_and_security,1739.35
2017,11,small_appliances,8448.37
2017,11,sports_leisure,86963.67
2017,11,stationery,23006.6
2017,11,tablets_printing_image,442.39
2017,11,telephony,39269.76
2017,11,toys,79937.59
2017,11,watches_gifts,110922.87
2017,12,agro_industry_and_commerce,6796.16
2017,12,air_conditioning,722.34
2017,12,art,191.76
2017,12,audio,2941.12
2017,12,auto,50442.82
2017,12,baby,22279.8
2017,12,bed_bath_table,80014.65
2017,12,books_general_interest,3628.9
2017,12,books_imported,271.06
2017,12,books_technical,735.96
2017,12,cds_dvds_musicals,74.94
2017,12,christmas_supplies,937.41
2017,12,computers,25100.55
2017,12,computers_accessories,54875.93
2017,12,consoles_games,10650.67
2017,12,construction_tools_construction,8624.58
2017,12,construction_tools_lights,1835.46
2017,12,construction_tools_safety,1525.46
2017,12,cool_stuff,45059.41
2017,12,costruction_tools_garden,1162.08
2017,12,costruction_tools_tools,457.82
2017,12,diapers_and_hygiene,199.4
2017,12,drinks,3017.78
2017,12,dvds_blu_ray,135.49
2017,12,electronics,13963.31
2017,12,fashion_bags_accessories,13934.89
2017,12,fashion_male_clothing,532.14
2017,12,fashion_shoes,1547.8899999999999
2017,12,fashion_sport,76.76
2017,12,fashion_underwear_beach,1359.62
2017,12,fixed_telephony,1095.81
2017,12,flowers,112.97999999999999
2017,12,food,897.85
2017,12,food_drink,1719.18
2017,12,furniture_bedroom,230.75
2017,12,furniture_decor,55051.43
2017,12,furniture_living_room,4089.7799999999997
2017,12,furniture_mattress_and_upholstery,1088.3999999999999
2017,12,garden_tools,65593.5
2017,12,health_beauty,75707.74
2017,12,home_appliances,1672.84
2017,12,home_appliances_2,2272.45
2017,12,home_confort,2899.83
2017,12,home_construction,10791.75
2017,12,housewares,38834.84
2017,12,industry_commerce_and_business,2009.86
2017,12,kitchen_dining_laundry_garden_furniture,7481.099999999999
2017,12,luggage_accessories,7657.36
2017,12,market_place,1198.08
2017,12,musical_instruments,9725.89
2017,12,office_furniture,13136.7
2017,12,party_supplies,549.92
2017,12,perfumery,31466.43
2017,12,pet_shop,9384.2
2017,12,signaling_and_security,842.4399999999999
2017,12,small_appliances,8175.320000000001
2017,12,sports_leisure,83102.1
2017,12,stationery,32782.51
2017,12,tablets_printing_image,485.33000000000004
2017,12,telephony,20831.49
2017,12,toys,68790.83
2017,12,watches_gifts,78191.35
2018,1,agro_industry_and_commerce,6761.99
2018,1,air_conditioning,8126.78
2018,1,art,2972.75
2018,1,audio,4440.13
2018,1,auto,49411.57
2018,1,baby,37429.96
2018,1,bed_bath_table,137192.29
2018,1,books_general_interest,3349.96
2018,1,books_imported,648.67
2018,1,books_technical,1604.42
2018,1,christmas_supplies,1325.3
2018,1,cine_photo,223.78
2018,1,computers,7646.57
2018,1,computers_accessories,146854.33
2018,1,consoles_games,8194.7
2018,1,construction_tools_construction,15490.02
2018,1,construction_tools_lights,3115.01
2018,1,construction_tools_safety,3547.15
2018,1,cool_stuff,47932.39
2018,1,costruction_tools_garden,6180.2
2018,1,costruction_tools_tools,642.5
2018,1,diapers_and_hygiene,942.25
2018,1,drinks,4350.69
2018,1,dvds_blu_ray,96.58
2018,1,electronics,25783.25
2018,1,fashio_female_clothing,196.48000000000002
2018,1,fashion_bags_accessories,11009.43
2018,1,fashion_male_clothing,933.1500000000001
2018,1,fashion_shoes,1438.97
2018,1,fashion_sport,219.51999999999998
2018,1,fashion_underwear_beach,877.02
2018,1,fixed_telephony,2633.55
2018,1,flowers,425.46000000000004
2018,1,food,1230.26
2018,1,food_drink,582.46
2018,1,furniture_bedroom,1097.6399999999999
2018,1,furniture_decor,98220.89
2018,1,furniture_living_room,3084.84
2018,1,furniture_mattress_and_upholstery,1270.4
2018,1,garden_tools,39323.56
2018,1,health_beauty,91849.38
2018,1,home_appliances,2298.48
2018,1,home_appliances_2,9224.57
2018,1,home_confort,3847.89
2018,1,home_construction,11254.11
2018,1,housewares,60338.17
2018,1,industry_commerce_and_business,3943.9500000000003
2018,1,kitchen_dining_laundry_garden_furniture,6334.639999999999
2018,1,la_cuisine,130.03
2018,1,luggage_accessories,22892.69
2018,1,market_place,3685.95
2018,1,music,40.07
2018,1,musical_instruments,16862.23
2018,1,office_furniture,40598.090000000004
2018,1,party_supplies,170.26
2018,1,perfumery,26004.82
2018,1,pet_shop,14926.119999999999
2018,1,signaling_and_security,1791.09
2018,1,small_appliances,17190.05
2018,1,small_appliances_home_oven_and_coffee,385.13
2018,1,sports_leisure,118488.66
2018,1,stationery,49892.92
2018,1,tablets_printing_image,248.68
2018,1,telephony,22433.06
2018,1,toys,25825.79
2018,1,watches_gifts,101050.1
2018,2,agro_industry_and_commerce,10835.68
2018,2,air_conditioning,3518.95
2018,2,art,1817.59
2018,2,audio,3038.58
2018,2,auto,52680.09
2018,2,baby,31383.55
2018,2,bed_bath_table,93903.79
2018,2,books_general_interest,2478.32
2018,2,books_imported,351.54
2018,2,books_technical,2365.4
2018,2,christmas_supplies,2402.25
2018,2,cine_photo,272.12
2018,2,computers_accessories,210822.63
2018,2,consoles_games,12975.01
2018,2,construction_tools_construction,16266.0
2018,2,construction_tools_lights,4714.62
2018,2,construction_tools_safety,6381.1900000000005
2018,2,cool_stuff,35238.59
2018,2,costruction_tools_garden,3355.66
2018,2,costruction_tools_tools,1446.44
2018,2,diapers_and_hygiene,603.04
2018,2,drinks,3047.85
2018,2,dvds_blu_ray,42.53
2018,2,electronics,25795.94
2018,2,fashio_female_clothing,45.09
2018,2,fashion_bags_accessories,13840.49
2018,2,fashion_male_clothing,446.86
2018,2,fashion_shoes,1339.52
2018,2,fashion_underwear_beach,440.28999999999996
2018,2,fixed_telephony,8362.039999999999
2018,2,flowers,187.7
2018,2,food,3612.49
2018,2,food_drink,1520.59
2018,2,furniture_bedroom,1254.01
2018,2,furniture_decor,62741.71
2018,2,furniture_living_room,14511.53
2018,2,furniture_mattress_and_upholstery,597.69
2018,2,garden_tools,48791.23
2018,2,health_beauty,105820.56
2018,2,home_appliances,6588.16
2018,2,home_appliances_2,9986.74
2018,2,home_comfort_2,140.0
2018,2,home_confort,3852.36
2018,2,home_construction,8168.0
2018,2,housewares,56706.98
2018,2,industry_commerce_and_business,6912.26
2018,2,kitchen_dining_laundry_garden_furniture,6957.76
2018,2,luggage_accessories,7605.35
2018,2,market_place,4168.18
2018,2,music,277.24
2018,2,musical_instruments,12331.779999999999
2018,2,office_furniture,62212.53
2018,2,perfumery,27521.12
2018,2,pet_shop,14706.1
2018,2,signaling_and_security,1617.31
2018,2,small_appliances,6459.04
2018,2,small_appliances_home_oven_and_coffee,3213.6400000000003
2018,2,sports_leisure,101709.18
2018,2,stationery,14408.97
2018,2,tablets_printing_image,1007.93
2018,2,telephony,26592.3
2018,2,toys,18136.62
2018,2,watches_gifts,71355.01
2018,3,agro_industry_and_commerce,5909.15
2018,3,air_conditioning,3532.05
2018,3,art,619.37
2018,3,audio,11669.869999999999
2018,3,auto,57303.62
2018,3,baby,46999.7
2018,3,bed_bath_table,118045.16
2018,3,books_general_interest,2971.25
2018,3,books_imported,455.28999999999996
2018,3,books_technical,1353.89
2018,3,christmas_supplies,1194.29
2018,3,cine_photo,1187.37
2018,3,computers_accessories,141964.94
2018,3,consoles_games,12824.61
2018,3,construction_tools_construction,16728.66
2018,3,construction_tools_lights,3254.41
2018,3,construction_tools_safety,15153.08
2018,3,cool_stuff,45311.24
2018,3,costruction_tools_garden,3186.84
2018,3,costruction_tools_tools,1248.97
2018,3,diapers_and_hygiene,967.75
2018,3,drinks,1441.8
2018,3,dvds_blu_ray,89.71000000000001
2018,3,electronics,19455.66
2018,3,fashio_female_clothing,618.08
2018,3,fashion_bags_accessories,13135.2
2018,3,fashion_childrens_clothes,216.87
2018,3,fashion_shoes,1286.57
2018,3,fashion_sport,97.39
2018,3,fashion_underwear_beach,368.40999999999997
2018,3,fixed_telephony,3027.78
2018,3,flowers,136.41
2018,3,food,2286.88
2018,3,food_drink,2833.57
2018,3,furniture_bedroom,1265.69
2018,3,furniture_decor,124283.47
2018,3,furniture_living_room,4279.8
2018,3,furniture_mattress_and_upholstery,584.9300000000001
2018,3,garden_tools,52493.37
2018,3,health_beauty,106330.97
2018,3,home_appliances,11501.01
2018,3,home_appliances_2,6085.99
2018,3,home_comfort_2,44.33
2018,3,home_confort,3242.83
2018,3,home_construction,8147.3
2018,3,housewares,73717.51
2018,3,industry_commerce_and_business,4431.25
2018,3,kitchen_dining_laundry_garden_furniture,3602.02
2018,3,la_cuisine,426.7
2018,3,luggage_accessories,9047.63
2018,3,market_place,2138.84
2018,3,music,397.68
2018,3,musical_instruments,11797.51
2018,3,office_furniture,71269.4
2018,3,party_supplies,1138.79
2018,3,perfumery,26308.6
2018,3,pet_shop,19144.02
2018,3,signaling_and_security,1354.72
2018,3,small_appliances,15432.92
2018,3,small_appliances_home_oven_and_coffee,8220.48
2018,3,sports_leisure,116525.27
2018,3,stationery,18430.86
2018,3,tablets_printing_image,512.37
2018,3,telephony,31352.7
2018,3,toys,28775.2
2018,3,watches_gifts,107352.18000000001
2018,4,agro_industry_and_commerce,4783.66
2018,4,air_conditioning,3532.0
2018,4,art,2421.49
2018,4,arts_and_craftmanship,34.22
2018,4,audio,9107.93
2018,4,auto,64222.15
2018,4,baby,70436.21
2018,4,bed_bath_table,121915.36
2018,4,books_general_interest,8202.19
2018,4,books_imported,352.37
2018,4,books_technical,1576.46
2018,4,cds_dvds_musicals,117.58
2018,4,christmas_supplies,749.8
2018,4,cine_photo,621.13
2018,4,computers,17241.489999999998
2018,4,computers_accessories,87364.37
2018,4,consoles_games,6718.94
2018,4,construction_tools_construction,21561.25
2018,4,construction_tools_lights,7794.099999999999
2018,4,construction_tools_safety,3478.2
2018,4,cool_stuff,42323.36
2018,4,costruction_tools_garden,3252.52
2018,4,costruction_tools_tools,1759.1399999999999
2018,4,diapers_and_hygiene,200.57
2018,4,drinks,39449.869999999995
2018,4,dvds_blu_ray,419.17
2018,4,electronics,16200.5
2018,4,fashio_female_clothing,1090.75
2018,4,fashion_bags_accessories,13198.289999999999
2018,4,fashion_shoes,1717.97
2018,4,fashion_sport,105.41
2018,4,fashion_underwear_beach,440.18
2018,4,fixed_telephony,2696.18
2018,4,flowers,353.94
2018,4,food,2666.15
2018,4,food_drink,1115.25
2018,4,furniture_bedroom,2026.75
2018,4,furniture_decor,104442.31
2018,4,furniture_living_room,9862.39
2018,4,garden_tools,52343.63
2018,4,health_beauty,118944.1
2018,4,home_appliances,18637.41
2018,4,home_appliances_2,21959.04
2018,4,home_comfort_2,78.06
2018,4,home_confort,3209.13
2018,4,home_construction,14205.78
2018,4,housewares,68526.43
2018,4,industry_commerce_and_business,8680.86
2018,4,kitchen_dining_laundry_garden_furniture,4638.21
2018,4,la_cuisine,668.24
2018,4,luggage_accessories,11716.35
2018,4,market_place,844.83
2018,4,music,1842.06
2018,4,musical_instruments,21695.780000000002
2018,4,office_furniture,65469.3
2018,4,party_supplies,160.52
2018,4,perfumery,22296.010000000002
2018,4,pet_shop,25817.68
2018,4,signaling_and_security,4562.74
2018,4,small_appliances,13816.89
2018,4,small_appliances_home_oven_and_coffee,13921.62
2018,4,sports_leisure,96847.08
2018,4,stationery,17113.45
2018,4,tablets_printing_image,70.24
2018,4,telephony,30187.98
2018,4,toys,28862.03
2018,4,watches_gifts,106580.61
2018,5,agro_industry_and_commerce,3433.2200000000003
2018,5,air_conditioning,2711.01
2018,5,art,3158.32
2018,5,arts_and_craftmanship,101.05
2018,5,audio,3227.6800000000003
2018,5,auto,50351.3
2018,5,baby,44452.03
2018,5,bed_bath_table,118621.27
2018,5,books_general_interest,6932.4
2018,5,books_imported,777.14
2018,5,books_technical,4028.2000000000003
2018,5,christmas_supplies,672.74
2018,5,cine_photo,2495.66
2018,5,computers,23331.79
2018,5,computers_accessories,95742.81999999999
2018,5,consoles_games,12122.449999999999
2018,5,construction_tools_construction,40037.200000000004
2018,5,construction_tools_lights,6345.04
2018,5,construction_tools_safety,7180.88
2018,5,cool_stuff,37229.17
2018,5,costruction_tools_garden,1748.72
2018,5,costruction_tools_tools,506.26
2018,5,diapers_and_hygiene,159.65
2018,5,drinks,6623.43
2018,5,dvds_blu_ray,670.6
2018,5,electronics,21400.72
2018,5,fashion_bags_accessories,16745.75
2018,5,fashion_male_clothing,149.87
2018,5,fashion_shoes,1788.57
2018,5,fashion_underwear_beach,344.71999999999997
2018,5,fixed_telephony,5188.17
2018,5,flowers,35.72
2018,5,food,3324.25
2018,5,food_drink,3961.06
2018,5,furniture_bedroom,2065.87
2018,5,furniture_decor,100909.86
2018,5,furniture_living_room,6591.969999999999
2018,5,garden_tools,57591.39
2018,5,health_beauty,135122.43
2018,5,home_appliances,7510.97
2018,5,home_appliances_2,15597.83
2018,5,home_confort,4044.52
2018,5,home_construction,17345.07
2018,5,housewares,125451.42
2018,5,industry_commerce_and_business,6567.38
2018,5,kitchen_dining_laundry_garden_furniture,4404.22
2018,5,luggage_accessories,10435.89
2018,5,market_place,1360.67
2018,5,music,968.65
2018,5,musical_instruments,21185.59
2018,5,office_furniture,44258.86
2018,5,party_supplies,258.36
2018,5,perfumery,31409.1
2018,5,pet_shop,15568.67
2018,5,signaling_and_security,1299.53
2018,5,small_appliances,14874.96
2018,5,small_appliances_home_oven_and_coffee,10474.54
2018,5,sports_leisure,77242.93000000001
2018,5,stationery,18195.27
2018,5,tablets_printing_image,58.19
2018,5,telephony,24947.46
2018,5,toys,37896.28
2018,5,watches_gifts,145907.61000000002
2018,6,agro_industry_and_commerce,3843.05
2018,6,air_conditioning,13923.039999999999
2018,6,art,3077.5
2018,6,audio,2168.13
2018,6,auto,59528.71
2018,6,baby,42231.62
2018,6,bed_bath_table,115263.23
2018,6,books_general_interest,5263.74
2018,6,books_imported,606.16
2018,6,books_technical,2309.7
2018,6,christmas_supplies,576.73
2018,6,cine_photo,1470.03
2018,6,computers,27367.57
2018,6,computers_accessories,69133.89
2018,6,consoles_games,11052.789999999999
2018,6,construction_tools_construction,26907.16
2018,6,construction_tools_lights,7479.79
2018,6,construction_tools_safety,2972.88
2018,6,cool_stuff,22656.3
2018,6,costruction_tools_garden,1120.94
2018,6,costruction_tools_tools,623.81
2018,6,diapers_and_hygiene,427.7
2018,6,drinks,2535.5
2018,6,dvds_blu_ray,691.29
2018,6,electronics,17535.94
2018,6,fashion_bags_accessories,10293.48
2018,6,fashion_childrens_clothes,97.48
2018,6,fashion_male_clothing,652.01
2018,6,fashion_shoes,1450.18
2018,6,fashion_underwear_beach,619.36
2018,6,fixed_telephony,3183.7999999999997
2018,6,flowers,281.4
2018,6,food,1693.59
2018,6,food_drink,724.13
2018,6,furniture_bedroom,2302.83
2018,6,furniture_decor,74311.42
2018,6,furniture_living_room,4919.0
2018,6,garden_tools,33022.27
2018,6,health_beauty,143261.67
2018,6,home_appliances,8056.51
2018,6,home_appliances_2,9175.460000000001
2018,6,home_comfort_2,102.76
2018,6,home_confort,2930.84
2018,6,home_construction,14407.869999999999
2018,6,housewares,94313.04
2018,6,industry_commerce_and_business,4967.53
2018,6,kitchen_dining_laundry_garden_furniture,9763.08
2018,6,luggage_accessories,6193.34
2018,6,market_place,678.79
2018,6,music,169.56
2018,6,musical_instruments,18101.59
2018,6,office_furniture,22449.36
2018,6,party_supplies,112.38
2018,6,perfumery,34929.93
2018,6,pet_shop,31558.54
2018,6,signaling_and_security,24408.46
2018,6,small_appliances,22301.88
2018,6,small_appliances_home_oven_and_coffee,3672.13
2018,6,sports_leisure,67323.82
2018,6,stationery,19279.11
2018,6,tablets_printing_image,72.85
2018,6,telephony,31352.06
2018,6,toys,29163.989999999998
2018,6,watches_gifts,105737.94
2018,7,agro_industry_and_commerce,7613.4400000000005
2018,7,air_conditioning,3701.34
2018,7,art,2265.73
2018,7,arts_and_craftmanship,903.22
2018,7,audio,2453.58
2018,7,auto,55199.46
2018,7,baby,28241.41
2018,7,bed_bath_table,97528.83
2018,7,books_general_interest,4496.16
2018,7,books_imported,799.49
2018,7,books_technical,2398.98
2018,7,christmas_supplies,661.6600000000001
2018,7,cine_photo,1314.9
2018,7,computers,5025.27
2018,7,computers_accessories,61313.92
2018,7,consoles_games,9493.960000000001
2018,7,construction_tools_construction,23341.38
2018,7,construction_tools_lights,12471.9
2018,7,construction_tools_safety,2142.9
2018,7,cool_stuff,26399.97
2018,7,costruction_tools_garden,2847.41
2018,7,costruction_tools_tools,8526.17
2018,7,diapers_and_hygiene,197.89
2018,7,drinks,1826.78
2018,7,dvds_blu_ray,96.88
2018,7,electronics,13176.51
2018,7,fashion_bags_accessories,7271.87
2018,7,fashion_male_clothing,295.68
2018,7,fashion_shoes,1095.16
2018,7,fashion_underwear_beach,141.32999999999998
2018,7,fixed_telephony,31482.82
2018,7,flowers,83.36
2018,7,food,5069.7
2018,7,food_drink,1399.3200000000002
2018,7,furniture_bedroom,2627.57
2018,7,furniture_decor,86057.88
2018,7,furniture_living_room,11763.56
2018,7,furniture_mattress_and_upholstery,141.83
2018,7,garden_tools,39028.17
2018,7,health_beauty,142388.3
2018,7,home_appliances,6529.5
2018,7,home_appliances_2,14305.97
2018,7,home_comfort_2,138.66
2018,7,home_confort,3582.92
2018,7,home_construction,9742.86
2018,7,housewares,121274.35
2018,7,industry_commerce_and_business,5832.46
2018,7,kitchen_dining_laundry_garden_furniture,4882.48
2018,7,luggage_accessories,7298.25
2018,7,market_place,277.34000000000003
2018,7,music,893.28
2018,7,musical_instruments,12921.97
2018,7,office_furniture,29730.04
2018,7,party_supplies,84.36
2018,7,perfumery,28825.25
2018,7,pet_shop,27727.88
2018,7,signaling_and_security,21965.65
2018,7,small_appliances,11973.08
2018,7,small_appliances_home_oven_and_coffee,6184.26
2018,7,sports_leisure,80332.9
2018,7,stationery,24796.37
2018,7,telephony,35003.27
2018,7,toys,22459.73
2018,7,watches_gifts,106857.03
2018,8,agro_industry_and_commerce,7357.400000000001
2018,8,air_conditioning,5519.7300000000005
2018,8,art,2111.08
2018,8,arts_and_craftmanship,1069.05
2018,8,audio,2715.0
2018,8,auto,57551.25
2018,8,baby,28883.58
2018,8,bed_bath_table,99698.13
2018,8,books_general_interest,2354.96
2018,8,books_imported,804.96
2018,8,books_technical,1928.06
2018,8,christmas_supplies,728.36
2018,8,cine_photo,745.19
2018,8,computers,12660.47
2018,8,computers_accessories,59352.23
2018,8,consoles_games,6645.41
2018,8,construction_tools_construction,44381.46
2018,8,construction_tools_lights,15522.58
2018,8,construction_tools_safety,5929.55
2018,8,cool_stuff,19017.18
2018,8,costruction_tools_garden,5373.22
2018,8,costruction_tools_tools,1440.5
2018,8,diapers_and_hygiene,276.93
2018,8,drinks,2329.44
2018,8,dvds_blu_ray,16.29
2018,8,electronics,13991.22
2018,8,fashio_female_clothing,281.09
2018,8,fashion_bags_accessories,10595.06
2018,8,fashion_male_clothing,466.98
2018,8,fashion_shoes,577.21
2018,8,fashion_sport,83.05
2018,8,fashion_underwear_beach,173.78
2018,8,fixed_telephony,2891.02
2018,8,food,11592.1
2018,8,food_drink,2082.63
2018,8,furniture_bedroom,3514.04
2018,8,furniture_decor,81785.47
2018,8,furniture_living_room,7525.6
2018,8,garden_tools,26207.87
2018,8,health_beauty,157626.59
2018,8,home_appliances,7861.76
2018,8,home_appliances_2,8248.52
2018,8,home_confort,2789.54
2018,8,home_construction,9550.5
2018,8,housewares,85886.95
2018,8,industry_commerce_and_business,2965.29
2018,8,kitchen_dining_laundry_garden_furniture,3314.73
2018,8,luggage_accessories,8620.42
2018,8,market_place,1107.97
2018,8,music,582.61
2018,8,musical_instruments,12055.25
2018,8,office_furniture,11360.07
2018,8,party_supplies,1703.7
2018,8,perfumery,31742.88
2018,8,pet_shop,34594.29
2018,8,signaling_and_security,3362.25
2018,8,small_appliances,6841.09
2018,8,small_appliances_home_oven_and_coffee,3413.98
2018,8,sports_leisure,65430.89
2018,8,stationery,20478.96
2018,8,telephony,67109.25
2018,8,toys,26538.84
2018,8,watches_gifts,82634.64
